--
-- PostgreSQL database dump
--

-- Dumped from database version 10.10 (Ubuntu 10.10-0ubuntu0.18.04.1)
-- Dumped by pg_dump version 12.0

-- Started on 2019-12-02 13:40:14

SET statement_timeout = 0;
SET lock_timeout = 0;
SET idle_in_transaction_session_timeout = 0;
SET client_encoding = 'SQL_ASCII';
SET standard_conforming_strings = on;
SELECT pg_catalog.set_config('search_path', '', false);
SET check_function_bodies = false;
SET xmloption = content;
SET client_min_messages = warning;
SET row_security = off;

--
-- TOC entry 33 (class 2615 OID 18549)
-- Name: jbcaridad; Type: SCHEMA; Schema: -; Owner: datama2mi182
--

CREATE SCHEMA jbcaridad;


ALTER SCHEMA jbcaridad OWNER TO datama2mi182;

SET default_tablespace = '';

--
-- TOC entry 310 (class 1259 OID 20348)
-- Name: customer; Type: TABLE; Schema: jbcaridad; Owner: datama2mi182
--

CREATE TABLE jbcaridad.customer (
    id integer NOT NULL,
    cust_lname character varying(9) DEFAULT NULL::character varying NOT NULL,
    cust_fname character varying(8) DEFAULT NULL::character varying NOT NULL,
    cust_add character varying(6) DEFAULT NULL::character varying NOT NULL,
    cust_phone integer NOT NULL,
    resto_id smallint NOT NULL
);


ALTER TABLE jbcaridad.customer OWNER TO datama2mi182;

--
-- TOC entry 309 (class 1259 OID 20346)
-- Name: customer_id_seq; Type: SEQUENCE; Schema: jbcaridad; Owner: datama2mi182
--

CREATE SEQUENCE jbcaridad.customer_id_seq
    AS integer
    START WITH 1
    INCREMENT BY 1
    NO MINVALUE
    NO MAXVALUE
    CACHE 1;


ALTER TABLE jbcaridad.customer_id_seq OWNER TO datama2mi182;

--
-- TOC entry 4000 (class 0 OID 0)
-- Dependencies: 309
-- Name: customer_id_seq; Type: SEQUENCE OWNED BY; Schema: jbcaridad; Owner: datama2mi182
--

ALTER SEQUENCE jbcaridad.customer_id_seq OWNED BY jbcaridad.customer.id;


--
-- TOC entry 355 (class 1259 OID 20860)
-- Name: order_header; Type: TABLE; Schema: jbcaridad; Owner: datama2mi182
--

CREATE TABLE jbcaridad.order_header (
    id integer NOT NULL,
    oh_date character varying(10) DEFAULT NULL::character varying NOT NULL,
    order_stat character varying(9) DEFAULT NULL::character varying NOT NULL,
    customer_id smallint NOT NULL,
    order_detail_id smallint NOT NULL
);


ALTER TABLE jbcaridad.order_header OWNER TO datama2mi182;

--
-- TOC entry 371 (class 1259 OID 21058)
-- Name: customer_order; Type: VIEW; Schema: jbcaridad; Owner: datama2mi182
--

CREATE VIEW jbcaridad.customer_order AS
 SELECT customer.id,
    customer.cust_lname,
    customer.cust_fname,
    customer.cust_add,
    customer.cust_phone,
    order_header.oh_date,
    order_header.order_stat,
    order_header.order_detail_id
   FROM (jbcaridad.customer
     JOIN jbcaridad.order_header ON ((order_header.customer_id = customer.id)));


ALTER TABLE jbcaridad.customer_order OWNER TO datama2mi182;

--
-- TOC entry 347 (class 1259 OID 20815)
-- Name: employee; Type: TABLE; Schema: jbcaridad; Owner: datama2mi182
--

CREATE TABLE jbcaridad.employee (
    id integer NOT NULL,
    emp_lname character varying(1) DEFAULT NULL::character varying NOT NULL,
    emp_fname character varying(1) DEFAULT NULL::character varying NOT NULL,
    emp_add character varying(1) DEFAULT NULL::character varying NOT NULL,
    emp_email character varying(1) DEFAULT NULL::character varying,
    emp_phone character varying(1) DEFAULT NULL::character varying,
    emp_type character varying(1) DEFAULT NULL::character varying NOT NULL,
    resto_id character varying(1) DEFAULT NULL::character varying NOT NULL
);


ALTER TABLE jbcaridad.employee OWNER TO datama2mi182;

--
-- TOC entry 346 (class 1259 OID 20813)
-- Name: employee_id_seq; Type: SEQUENCE; Schema: jbcaridad; Owner: datama2mi182
--

CREATE SEQUENCE jbcaridad.employee_id_seq
    AS integer
    START WITH 1
    INCREMENT BY 1
    NO MINVALUE
    NO MAXVALUE
    CACHE 1;


ALTER TABLE jbcaridad.employee_id_seq OWNER TO datama2mi182;

--
-- TOC entry 4001 (class 0 OID 0)
-- Dependencies: 346
-- Name: employee_id_seq; Type: SEQUENCE OWNED BY; Schema: jbcaridad; Owner: datama2mi182
--

ALTER SEQUENCE jbcaridad.employee_id_seq OWNED BY jbcaridad.employee.id;


--
-- TOC entry 349 (class 1259 OID 20830)
-- Name: food; Type: TABLE; Schema: jbcaridad; Owner: datama2mi182
--

CREATE TABLE jbcaridad.food (
    id integer NOT NULL,
    food_name character varying(18) DEFAULT NULL::character varying NOT NULL,
    food_price smallint NOT NULL,
    food_type character varying(12) DEFAULT NULL::character varying NOT NULL
);


ALTER TABLE jbcaridad.food OWNER TO datama2mi182;

--
-- TOC entry 348 (class 1259 OID 20828)
-- Name: food_id_seq; Type: SEQUENCE; Schema: jbcaridad; Owner: datama2mi182
--

CREATE SEQUENCE jbcaridad.food_id_seq
    AS integer
    START WITH 1
    INCREMENT BY 1
    NO MINVALUE
    NO MAXVALUE
    CACHE 1;


ALTER TABLE jbcaridad.food_id_seq OWNER TO datama2mi182;

--
-- TOC entry 4002 (class 0 OID 0)
-- Dependencies: 348
-- Name: food_id_seq; Type: SEQUENCE OWNED BY; Schema: jbcaridad; Owner: datama2mi182
--

ALTER SEQUENCE jbcaridad.food_id_seq OWNED BY jbcaridad.food.id;


--
-- TOC entry 351 (class 1259 OID 20840)
-- Name: ingredients; Type: TABLE; Schema: jbcaridad; Owner: datama2mi182
--

CREATE TABLE jbcaridad.ingredients (
    id integer NOT NULL,
    ingredient_code character varying(13) DEFAULT NULL::character varying NOT NULL,
    ingredient_desc character varying(1) DEFAULT NULL::character varying
);


ALTER TABLE jbcaridad.ingredients OWNER TO datama2mi182;

--
-- TOC entry 350 (class 1259 OID 20838)
-- Name: ingredients_id_seq; Type: SEQUENCE; Schema: jbcaridad; Owner: datama2mi182
--

CREATE SEQUENCE jbcaridad.ingredients_id_seq
    AS integer
    START WITH 1
    INCREMENT BY 1
    NO MINVALUE
    NO MAXVALUE
    CACHE 1;


ALTER TABLE jbcaridad.ingredients_id_seq OWNER TO datama2mi182;

--
-- TOC entry 4003 (class 0 OID 0)
-- Dependencies: 350
-- Name: ingredients_id_seq; Type: SEQUENCE OWNED BY; Schema: jbcaridad; Owner: datama2mi182
--

ALTER SEQUENCE jbcaridad.ingredients_id_seq OWNED BY jbcaridad.ingredients.id;


--
-- TOC entry 353 (class 1259 OID 20850)
-- Name: order_detail; Type: TABLE; Schema: jbcaridad; Owner: datama2mi182
--

CREATE TABLE jbcaridad.order_detail (
    id integer NOT NULL,
    od_quantity smallint NOT NULL,
    od_item character varying(51) DEFAULT NULL::character varying NOT NULL,
    od_remarks character varying(1) DEFAULT NULL::character varying,
    food_id smallint NOT NULL
);


ALTER TABLE jbcaridad.order_detail OWNER TO datama2mi182;

--
-- TOC entry 352 (class 1259 OID 20848)
-- Name: order_detail_id_seq; Type: SEQUENCE; Schema: jbcaridad; Owner: datama2mi182
--

CREATE SEQUENCE jbcaridad.order_detail_id_seq
    AS integer
    START WITH 1
    INCREMENT BY 1
    NO MINVALUE
    NO MAXVALUE
    CACHE 1;


ALTER TABLE jbcaridad.order_detail_id_seq OWNER TO datama2mi182;

--
-- TOC entry 4004 (class 0 OID 0)
-- Dependencies: 352
-- Name: order_detail_id_seq; Type: SEQUENCE OWNED BY; Schema: jbcaridad; Owner: datama2mi182
--

ALTER SEQUENCE jbcaridad.order_detail_id_seq OWNED BY jbcaridad.order_detail.id;


--
-- TOC entry 354 (class 1259 OID 20858)
-- Name: order_header_id_seq; Type: SEQUENCE; Schema: jbcaridad; Owner: datama2mi182
--

CREATE SEQUENCE jbcaridad.order_header_id_seq
    AS integer
    START WITH 1
    INCREMENT BY 1
    NO MINVALUE
    NO MAXVALUE
    CACHE 1;


ALTER TABLE jbcaridad.order_header_id_seq OWNER TO datama2mi182;

--
-- TOC entry 4005 (class 0 OID 0)
-- Dependencies: 354
-- Name: order_header_id_seq; Type: SEQUENCE OWNED BY; Schema: jbcaridad; Owner: datama2mi182
--

ALTER SEQUENCE jbcaridad.order_header_id_seq OWNED BY jbcaridad.order_header.id;


--
-- TOC entry 357 (class 1259 OID 20870)
-- Name: payment; Type: TABLE; Schema: jbcaridad; Owner: datama2mi182
--

CREATE TABLE jbcaridad.payment (
    id integer NOT NULL,
    payment_amount_total smallint NOT NULL,
    payment_amount_paid smallint NOT NULL,
    payment_tax smallint,
    payment_discount smallint,
    payment_change smallint,
    payment_reference_num smallint,
    order_header_id smallint NOT NULL
);


ALTER TABLE jbcaridad.payment OWNER TO datama2mi182;

--
-- TOC entry 356 (class 1259 OID 20868)
-- Name: payment_id_seq; Type: SEQUENCE; Schema: jbcaridad; Owner: datama2mi182
--

CREATE SEQUENCE jbcaridad.payment_id_seq
    AS integer
    START WITH 1
    INCREMENT BY 1
    NO MINVALUE
    NO MAXVALUE
    CACHE 1;


ALTER TABLE jbcaridad.payment_id_seq OWNER TO datama2mi182;

--
-- TOC entry 4006 (class 0 OID 0)
-- Dependencies: 356
-- Name: payment_id_seq; Type: SEQUENCE OWNED BY; Schema: jbcaridad; Owner: datama2mi182
--

ALTER SEQUENCE jbcaridad.payment_id_seq OWNED BY jbcaridad.payment.id;


--
-- TOC entry 359 (class 1259 OID 20878)
-- Name: purchase_order; Type: TABLE; Schema: jbcaridad; Owner: datama2mi182
--

CREATE TABLE jbcaridad.purchase_order (
    id integer NOT NULL,
    supplier_id character varying(1) DEFAULT NULL::character varying NOT NULL,
    resto_id character varying(1) DEFAULT NULL::character varying NOT NULL,
    po_order_date character varying(1) DEFAULT NULL::character varying NOT NULL,
    po_delivery_date character varying(1) DEFAULT NULL::character varying NOT NULL,
    po_order_stat character varying(1) DEFAULT NULL::character varying NOT NULL
);


ALTER TABLE jbcaridad.purchase_order OWNER TO datama2mi182;

--
-- TOC entry 358 (class 1259 OID 20876)
-- Name: purchase_order_id_seq; Type: SEQUENCE; Schema: jbcaridad; Owner: datama2mi182
--

CREATE SEQUENCE jbcaridad.purchase_order_id_seq
    AS integer
    START WITH 1
    INCREMENT BY 1
    NO MINVALUE
    NO MAXVALUE
    CACHE 1;


ALTER TABLE jbcaridad.purchase_order_id_seq OWNER TO datama2mi182;

--
-- TOC entry 4007 (class 0 OID 0)
-- Dependencies: 358
-- Name: purchase_order_id_seq; Type: SEQUENCE OWNED BY; Schema: jbcaridad; Owner: datama2mi182
--

ALTER SEQUENCE jbcaridad.purchase_order_id_seq OWNED BY jbcaridad.purchase_order.id;


--
-- TOC entry 361 (class 1259 OID 20891)
-- Name: recipe; Type: TABLE; Schema: jbcaridad; Owner: datama2mi182
--

CREATE TABLE jbcaridad.recipe (
    id integer NOT NULL,
    food_id character varying(1) DEFAULT NULL::character varying NOT NULL,
    ingredients_id character varying(1) DEFAULT NULL::character varying NOT NULL
);


ALTER TABLE jbcaridad.recipe OWNER TO datama2mi182;

--
-- TOC entry 360 (class 1259 OID 20889)
-- Name: recipe_id_seq; Type: SEQUENCE; Schema: jbcaridad; Owner: datama2mi182
--

CREATE SEQUENCE jbcaridad.recipe_id_seq
    AS integer
    START WITH 1
    INCREMENT BY 1
    NO MINVALUE
    NO MAXVALUE
    CACHE 1;


ALTER TABLE jbcaridad.recipe_id_seq OWNER TO datama2mi182;

--
-- TOC entry 4008 (class 0 OID 0)
-- Dependencies: 360
-- Name: recipe_id_seq; Type: SEQUENCE OWNED BY; Schema: jbcaridad; Owner: datama2mi182
--

ALTER SEQUENCE jbcaridad.recipe_id_seq OWNED BY jbcaridad.recipe.id;


--
-- TOC entry 363 (class 1259 OID 20901)
-- Name: resto; Type: TABLE; Schema: jbcaridad; Owner: datama2mi182
--

CREATE TABLE jbcaridad.resto (
    id integer NOT NULL,
    resto_name character varying(10) DEFAULT NULL::character varying NOT NULL,
    resto_found_date character varying(10) DEFAULT NULL::character varying NOT NULL,
    resto_owner character varying(14) DEFAULT NULL::character varying NOT NULL
);


ALTER TABLE jbcaridad.resto OWNER TO datama2mi182;

--
-- TOC entry 362 (class 1259 OID 20899)
-- Name: resto_id_seq; Type: SEQUENCE; Schema: jbcaridad; Owner: datama2mi182
--

CREATE SEQUENCE jbcaridad.resto_id_seq
    AS integer
    START WITH 1
    INCREMENT BY 1
    NO MINVALUE
    NO MAXVALUE
    CACHE 1;


ALTER TABLE jbcaridad.resto_id_seq OWNER TO datama2mi182;

--
-- TOC entry 4009 (class 0 OID 0)
-- Dependencies: 362
-- Name: resto_id_seq; Type: SEQUENCE OWNED BY; Schema: jbcaridad; Owner: datama2mi182
--

ALTER SEQUENCE jbcaridad.resto_id_seq OWNED BY jbcaridad.resto.id;


--
-- TOC entry 365 (class 1259 OID 20912)
-- Name: supplier; Type: TABLE; Schema: jbcaridad; Owner: datama2mi182
--

CREATE TABLE jbcaridad.supplier (
    id integer NOT NULL,
    supplier_name character varying(1) DEFAULT NULL::character varying NOT NULL,
    supplier_loc character varying(1) DEFAULT NULL::character varying NOT NULL,
    partners_num character varying(1) DEFAULT NULL::character varying NOT NULL
);


ALTER TABLE jbcaridad.supplier OWNER TO datama2mi182;

--
-- TOC entry 364 (class 1259 OID 20910)
-- Name: supplier_id_seq; Type: SEQUENCE; Schema: jbcaridad; Owner: datama2mi182
--

CREATE SEQUENCE jbcaridad.supplier_id_seq
    AS integer
    START WITH 1
    INCREMENT BY 1
    NO MINVALUE
    NO MAXVALUE
    CACHE 1;


ALTER TABLE jbcaridad.supplier_id_seq OWNER TO datama2mi182;

--
-- TOC entry 4010 (class 0 OID 0)
-- Dependencies: 364
-- Name: supplier_id_seq; Type: SEQUENCE OWNED BY; Schema: jbcaridad; Owner: datama2mi182
--

ALTER SEQUENCE jbcaridad.supplier_id_seq OWNED BY jbcaridad.supplier.id;


--
-- TOC entry 3755 (class 2604 OID 20351)
-- Name: customer id; Type: DEFAULT; Schema: jbcaridad; Owner: datama2mi182
--

ALTER TABLE ONLY jbcaridad.customer ALTER COLUMN id SET DEFAULT nextval('jbcaridad.customer_id_seq'::regclass);


--
-- TOC entry 3759 (class 2604 OID 20818)
-- Name: employee id; Type: DEFAULT; Schema: jbcaridad; Owner: datama2mi182
--

ALTER TABLE ONLY jbcaridad.employee ALTER COLUMN id SET DEFAULT nextval('jbcaridad.employee_id_seq'::regclass);


--
-- TOC entry 3767 (class 2604 OID 20833)
-- Name: food id; Type: DEFAULT; Schema: jbcaridad; Owner: datama2mi182
--

ALTER TABLE ONLY jbcaridad.food ALTER COLUMN id SET DEFAULT nextval('jbcaridad.food_id_seq'::regclass);


--
-- TOC entry 3770 (class 2604 OID 20843)
-- Name: ingredients id; Type: DEFAULT; Schema: jbcaridad; Owner: datama2mi182
--

ALTER TABLE ONLY jbcaridad.ingredients ALTER COLUMN id SET DEFAULT nextval('jbcaridad.ingredients_id_seq'::regclass);


--
-- TOC entry 3773 (class 2604 OID 20853)
-- Name: order_detail id; Type: DEFAULT; Schema: jbcaridad; Owner: datama2mi182
--

ALTER TABLE ONLY jbcaridad.order_detail ALTER COLUMN id SET DEFAULT nextval('jbcaridad.order_detail_id_seq'::regclass);


--
-- TOC entry 3776 (class 2604 OID 20863)
-- Name: order_header id; Type: DEFAULT; Schema: jbcaridad; Owner: datama2mi182
--

ALTER TABLE ONLY jbcaridad.order_header ALTER COLUMN id SET DEFAULT nextval('jbcaridad.order_header_id_seq'::regclass);


--
-- TOC entry 3779 (class 2604 OID 20873)
-- Name: payment id; Type: DEFAULT; Schema: jbcaridad; Owner: datama2mi182
--

ALTER TABLE ONLY jbcaridad.payment ALTER COLUMN id SET DEFAULT nextval('jbcaridad.payment_id_seq'::regclass);


--
-- TOC entry 3780 (class 2604 OID 20881)
-- Name: purchase_order id; Type: DEFAULT; Schema: jbcaridad; Owner: datama2mi182
--

ALTER TABLE ONLY jbcaridad.purchase_order ALTER COLUMN id SET DEFAULT nextval('jbcaridad.purchase_order_id_seq'::regclass);


--
-- TOC entry 3786 (class 2604 OID 20894)
-- Name: recipe id; Type: DEFAULT; Schema: jbcaridad; Owner: datama2mi182
--

ALTER TABLE ONLY jbcaridad.recipe ALTER COLUMN id SET DEFAULT nextval('jbcaridad.recipe_id_seq'::regclass);


--
-- TOC entry 3789 (class 2604 OID 20904)
-- Name: resto id; Type: DEFAULT; Schema: jbcaridad; Owner: datama2mi182
--

ALTER TABLE ONLY jbcaridad.resto ALTER COLUMN id SET DEFAULT nextval('jbcaridad.resto_id_seq'::regclass);


--
-- TOC entry 3793 (class 2604 OID 20915)
-- Name: supplier id; Type: DEFAULT; Schema: jbcaridad; Owner: datama2mi182
--

ALTER TABLE ONLY jbcaridad.supplier ALTER COLUMN id SET DEFAULT nextval('jbcaridad.supplier_id_seq'::regclass);


--
-- TOC entry 3974 (class 0 OID 20348)
-- Dependencies: 310
-- Data for Name: customer; Type: TABLE DATA; Schema: jbcaridad; Owner: datama2mi182
--

COPY jbcaridad.customer (id, cust_lname, cust_fname, cust_add, cust_phone, resto_id) FROM stdin;
1	Caridad	John	Makati	12412344	1
2	Cariaga	Kristine	Taguig	786812312	1
3	Caridad	Asirrh	Makati	21716237	1
4	Bunagan	Jhed	Taguig	21312322	1
5	Bunaganda	Jhedi	Taguig	812378677	1
\.


--
-- TOC entry 3976 (class 0 OID 20815)
-- Dependencies: 347
-- Data for Name: employee; Type: TABLE DATA; Schema: jbcaridad; Owner: datama2mi182
--

COPY jbcaridad.employee (id, emp_lname, emp_fname, emp_add, emp_email, emp_phone, emp_type, resto_id) FROM stdin;
\.


--
-- TOC entry 3978 (class 0 OID 20830)
-- Dependencies: 349
-- Data for Name: food; Type: TABLE DATA; Schema: jbcaridad; Owner: datama2mi182
--

COPY jbcaridad.food (id, food_name, food_price, food_type) FROM stdin;
1001	Chicken Sandwich	59	Sandwich
1002	Tuna Sandwich	59	Sandwich
1003	Ice Cream Sandwich	69	Sandwich
1004	Chicken with Rice	89	Rice Meal
1006	Torikatsudon	129	Special Meal
\.


--
-- TOC entry 3980 (class 0 OID 20840)
-- Dependencies: 351
-- Data for Name: ingredients; Type: TABLE DATA; Schema: jbcaridad; Owner: datama2mi182
--

COPY jbcaridad.ingredients (id, ingredient_code, ingredient_desc) FROM stdin;
1	Ala Sauce	\N
2	Ala Chef	\N
3	Ala Cartesian	\N
4	Ala na	\N
\.


--
-- TOC entry 3982 (class 0 OID 20850)
-- Dependencies: 353
-- Data for Name: order_detail; Type: TABLE DATA; Schema: jbcaridad; Owner: datama2mi182
--

COPY jbcaridad.order_detail (id, od_quantity, od_item, od_remarks, food_id) FROM stdin;
2001	3	Chicken with Rice, Ice Cream Sandwich, Torikatsudon	\N	1004
2002	1	Chicken Sandwich	\N	1001
2003	1	Ice Cream Sandwich	\N	1003
2004	1	Torikatsudon	\N	1006
2005	1	Tuna Sandwich	\N	1002
\.


--
-- TOC entry 3984 (class 0 OID 20860)
-- Dependencies: 355
-- Data for Name: order_header; Type: TABLE DATA; Schema: jbcaridad; Owner: datama2mi182
--

COPY jbcaridad.order_header (id, oh_date, order_stat, customer_id, order_detail_id) FROM stdin;
1	2019-10-31	Delivered	1	2004
2	2019-11-01	On queue	6	2005
3	2019-11-01	On queue	8	2003
4	2019-11-04	On queue	2	2001
5	2019-11-07	On queue	4	2002
\.


--
-- TOC entry 3986 (class 0 OID 20870)
-- Dependencies: 357
-- Data for Name: payment; Type: TABLE DATA; Schema: jbcaridad; Owner: datama2mi182
--

COPY jbcaridad.payment (id, payment_amount_total, payment_amount_paid, payment_tax, payment_discount, payment_change, payment_reference_num, order_header_id) FROM stdin;
201910311	129	130	0	0	1	1001	1
\.


--
-- TOC entry 3988 (class 0 OID 20878)
-- Dependencies: 359
-- Data for Name: purchase_order; Type: TABLE DATA; Schema: jbcaridad; Owner: datama2mi182
--

COPY jbcaridad.purchase_order (id, supplier_id, resto_id, po_order_date, po_delivery_date, po_order_stat) FROM stdin;
\.


--
-- TOC entry 3990 (class 0 OID 20891)
-- Dependencies: 361
-- Data for Name: recipe; Type: TABLE DATA; Schema: jbcaridad; Owner: datama2mi182
--

COPY jbcaridad.recipe (id, food_id, ingredients_id) FROM stdin;
\.


--
-- TOC entry 3992 (class 0 OID 20901)
-- Dependencies: 363
-- Data for Name: resto; Type: TABLE DATA; Schema: jbcaridad; Owner: datama2mi182
--

COPY jbcaridad.resto (id, resto_name, resto_found_date, resto_owner) FROM stdin;
1	Sauce Chef	2012-12-12	Patick Volante
\.


--
-- TOC entry 3994 (class 0 OID 20912)
-- Dependencies: 365
-- Data for Name: supplier; Type: TABLE DATA; Schema: jbcaridad; Owner: datama2mi182
--

COPY jbcaridad.supplier (id, supplier_name, supplier_loc, partners_num) FROM stdin;
\.


--
-- TOC entry 4011 (class 0 OID 0)
-- Dependencies: 309
-- Name: customer_id_seq; Type: SEQUENCE SET; Schema: jbcaridad; Owner: datama2mi182
--

SELECT pg_catalog.setval('jbcaridad.customer_id_seq', 1, false);


--
-- TOC entry 4012 (class 0 OID 0)
-- Dependencies: 346
-- Name: employee_id_seq; Type: SEQUENCE SET; Schema: jbcaridad; Owner: datama2mi182
--

SELECT pg_catalog.setval('jbcaridad.employee_id_seq', 1, false);


--
-- TOC entry 4013 (class 0 OID 0)
-- Dependencies: 348
-- Name: food_id_seq; Type: SEQUENCE SET; Schema: jbcaridad; Owner: datama2mi182
--

SELECT pg_catalog.setval('jbcaridad.food_id_seq', 1, false);


--
-- TOC entry 4014 (class 0 OID 0)
-- Dependencies: 350
-- Name: ingredients_id_seq; Type: SEQUENCE SET; Schema: jbcaridad; Owner: datama2mi182
--

SELECT pg_catalog.setval('jbcaridad.ingredients_id_seq', 1, false);


--
-- TOC entry 4015 (class 0 OID 0)
-- Dependencies: 352
-- Name: order_detail_id_seq; Type: SEQUENCE SET; Schema: jbcaridad; Owner: datama2mi182
--

SELECT pg_catalog.setval('jbcaridad.order_detail_id_seq', 1, false);


--
-- TOC entry 4016 (class 0 OID 0)
-- Dependencies: 354
-- Name: order_header_id_seq; Type: SEQUENCE SET; Schema: jbcaridad; Owner: datama2mi182
--

SELECT pg_catalog.setval('jbcaridad.order_header_id_seq', 1, false);


--
-- TOC entry 4017 (class 0 OID 0)
-- Dependencies: 356
-- Name: payment_id_seq; Type: SEQUENCE SET; Schema: jbcaridad; Owner: datama2mi182
--

SELECT pg_catalog.setval('jbcaridad.payment_id_seq', 1, false);


--
-- TOC entry 4018 (class 0 OID 0)
-- Dependencies: 358
-- Name: purchase_order_id_seq; Type: SEQUENCE SET; Schema: jbcaridad; Owner: datama2mi182
--

SELECT pg_catalog.setval('jbcaridad.purchase_order_id_seq', 1, false);


--
-- TOC entry 4019 (class 0 OID 0)
-- Dependencies: 360
-- Name: recipe_id_seq; Type: SEQUENCE SET; Schema: jbcaridad; Owner: datama2mi182
--

SELECT pg_catalog.setval('jbcaridad.recipe_id_seq', 1, false);


--
-- TOC entry 4020 (class 0 OID 0)
-- Dependencies: 362
-- Name: resto_id_seq; Type: SEQUENCE SET; Schema: jbcaridad; Owner: datama2mi182
--

SELECT pg_catalog.setval('jbcaridad.resto_id_seq', 1, false);


--
-- TOC entry 4021 (class 0 OID 0)
-- Dependencies: 364
-- Name: supplier_id_seq; Type: SEQUENCE SET; Schema: jbcaridad; Owner: datama2mi182
--

SELECT pg_catalog.setval('jbcaridad.supplier_id_seq', 1, false);


--
-- TOC entry 3798 (class 2606 OID 20356)
-- Name: customer customer_pkey; Type: CONSTRAINT; Schema: jbcaridad; Owner: datama2mi182
--

ALTER TABLE ONLY jbcaridad.customer
    ADD CONSTRAINT customer_pkey PRIMARY KEY (id);


--
-- TOC entry 3800 (class 2606 OID 20827)
-- Name: employee employee_pkey; Type: CONSTRAINT; Schema: jbcaridad; Owner: datama2mi182
--

ALTER TABLE ONLY jbcaridad.employee
    ADD CONSTRAINT employee_pkey PRIMARY KEY (id);


--
-- TOC entry 3802 (class 2606 OID 20837)
-- Name: food food_pkey; Type: CONSTRAINT; Schema: jbcaridad; Owner: datama2mi182
--

ALTER TABLE ONLY jbcaridad.food
    ADD CONSTRAINT food_pkey PRIMARY KEY (id);


--
-- TOC entry 3804 (class 2606 OID 20847)
-- Name: ingredients ingredients_pkey; Type: CONSTRAINT; Schema: jbcaridad; Owner: datama2mi182
--

ALTER TABLE ONLY jbcaridad.ingredients
    ADD CONSTRAINT ingredients_pkey PRIMARY KEY (id);


--
-- TOC entry 3806 (class 2606 OID 20857)
-- Name: order_detail order_detail_pkey; Type: CONSTRAINT; Schema: jbcaridad; Owner: datama2mi182
--

ALTER TABLE ONLY jbcaridad.order_detail
    ADD CONSTRAINT order_detail_pkey PRIMARY KEY (id);


--
-- TOC entry 3808 (class 2606 OID 20867)
-- Name: order_header order_header_pkey; Type: CONSTRAINT; Schema: jbcaridad; Owner: datama2mi182
--

ALTER TABLE ONLY jbcaridad.order_header
    ADD CONSTRAINT order_header_pkey PRIMARY KEY (id);


--
-- TOC entry 3810 (class 2606 OID 20875)
-- Name: payment payment_pkey; Type: CONSTRAINT; Schema: jbcaridad; Owner: datama2mi182
--

ALTER TABLE ONLY jbcaridad.payment
    ADD CONSTRAINT payment_pkey PRIMARY KEY (id);


--
-- TOC entry 3812 (class 2606 OID 20888)
-- Name: purchase_order purchase_order_pkey; Type: CONSTRAINT; Schema: jbcaridad; Owner: datama2mi182
--

ALTER TABLE ONLY jbcaridad.purchase_order
    ADD CONSTRAINT purchase_order_pkey PRIMARY KEY (id);


--
-- TOC entry 3814 (class 2606 OID 20898)
-- Name: recipe recipe_pkey; Type: CONSTRAINT; Schema: jbcaridad; Owner: datama2mi182
--

ALTER TABLE ONLY jbcaridad.recipe
    ADD CONSTRAINT recipe_pkey PRIMARY KEY (id);


--
-- TOC entry 3816 (class 2606 OID 20909)
-- Name: resto resto_pkey; Type: CONSTRAINT; Schema: jbcaridad; Owner: datama2mi182
--

ALTER TABLE ONLY jbcaridad.resto
    ADD CONSTRAINT resto_pkey PRIMARY KEY (id);


--
-- TOC entry 3818 (class 2606 OID 20920)
-- Name: supplier supplier_pkey; Type: CONSTRAINT; Schema: jbcaridad; Owner: datama2mi182
--

ALTER TABLE ONLY jbcaridad.supplier
    ADD CONSTRAINT supplier_pkey PRIMARY KEY (id);


-- Completed on 2019-12-02 13:40:15

--
-- PostgreSQL database dump complete
--

